{
  "checkpoint_id": "8f781df0523b53a4",
  "harness_version": "0.1.0",
  "S": -1.107721852417976,
  "semantic_mmd": -0.001415831522083133,
  "semantic_mmd_delta_vs_human_floor": -0.057719943706892075,
  "lexical_l2": 0.016606569750437415,
  "structural_dist": 0.19645273071775424,
  "gate_outline_fact_recall": true,
  "gate_unsupported_claim_rate": true,
  "gate_language_integrity": true,
  "gate_no_collapse": false,
  "quality_pref_winrate": 0.9375,
  "jmq": 1.875,
  "authorship_auc": 0.48828125,
  "authorship_auc_ci": [
    0.324169921875,
    0.660205078125
  ],
  "diversity_self_bleu": 0.04218226449860443,
  "repetition_rate": 0.3125,
  "human_reference_bank_id": "92a0366c313d007c5d602cc8758c148a775b94d5c927416dd668121bcf447ae1",
  "calibration_sha256": "4a71b081bbb05081a461d0968312aacd4472221fdeab9934d63202b2f8e6e039",
  "baseline_sha256": "53de46c79b31a63262cc6c2329bb6acec81ae0a5e5ed77af1df2408b76f262fc",
  "notes": [
    "human-floor 95% CI: [0.0381321, 0.0898469]",
    "quality preference is secondary and may exhibit judge self-preference",
    "authorship AUC uses a fresh deterministic character n-gram out-of-fold probe"
  ]
}
