{
  "checkpoint_id": "4b31c6fd99f8696e",
  "harness_version": "0.1.0",
  "S": -0.8118922713818499,
  "semantic_mmd": 0.0044445290435983775,
  "semantic_mmd_delta_vs_human_floor": -0.051859583141210565,
  "lexical_l2": 0.02223849659112673,
  "structural_dist": 0.2365665383900828,
  "gate_outline_fact_recall": false,
  "gate_unsupported_claim_rate": false,
  "gate_language_integrity": true,
  "gate_no_collapse": true,
  "quality_pref_winrate": 0.375,
  "jmq": 0.75,
  "authorship_auc": 0.591796875,
  "authorship_auc_ci": [
    0.408154296875,
    0.771484375
  ],
  "diversity_self_bleu": 0.049745354501874756,
  "repetition_rate": 0.125,
  "human_reference_bank_id": "92a0366c313d007c5d602cc8758c148a775b94d5c927416dd668121bcf447ae1",
  "calibration_sha256": "4a71b081bbb05081a461d0968312aacd4472221fdeab9934d63202b2f8e6e039",
  "baseline_sha256": "53de46c79b31a63262cc6c2329bb6acec81ae0a5e5ed77af1df2408b76f262fc",
  "notes": [
    "human-floor 95% CI: [0.0381321, 0.0898469]",
    "quality preference is secondary and may exhibit judge self-preference",
    "authorship AUC uses a fresh deterministic character n-gram out-of-fold probe"
  ]
}
