{
  "checkpoint_id": "b1b6ced79252e836",
  "harness_version": "0.1.0",
  "S": 0.3970792147004246,
  "semantic_mmd": -0.00552446802680584,
  "semantic_mmd_delta_vs_human_floor": -0.06182858021161478,
  "lexical_l2": 0.06779690743017754,
  "structural_dist": 0.5905489337080215,
  "gate_outline_fact_recall": true,
  "gate_unsupported_claim_rate": false,
  "gate_language_integrity": true,
  "gate_no_collapse": false,
  "quality_pref_winrate": 1.0,
  "jmq": 2.0,
  "authorship_auc": 0.75,
  "authorship_auc_ci": [
    0.40625,
    1.0
  ],
  "diversity_self_bleu": 0.00867380320030876,
  "repetition_rate": 0.5,
  "human_reference_bank_id": "92a0366c313d007c5d602cc8758c148a775b94d5c927416dd668121bcf447ae1",
  "calibration_sha256": "4a71b081bbb05081a461d0968312aacd4472221fdeab9934d63202b2f8e6e039",
  "baseline_sha256": "53de46c79b31a63262cc6c2329bb6acec81ae0a5e5ed77af1df2408b76f262fc",
  "notes": [
    "human-floor 95% CI: [0.0381321, 0.0898469]",
    "quality preference is secondary and may exhibit judge self-preference",
    "authorship AUC uses a fresh deterministic character n-gram out-of-fold probe"
  ]
}
